Godina,Istraživači FTE na mil. stanovnika,Napomena
2007,1421.3930672475,
2008,1553.78584044349,
2009,1610.84045052032,
2010,1655.92932351824,
2011,1601.26885413977,
2012,1569.04747380424,
2013,1664.52034927872,
2014,1447.77337363643,
2015,1519.39940854312,
2016,1874.69925109762,Revidirani podaci
2017,1903.59598713236,
2018,1958.98382972961,
